Level,Kind,Name,Code,Issuer,Units,Direct share %,Effective share %,Value of whole entity USD,Look-through value USD,Position value USD,Look-through minus as-booked USD
0,product,Apollo Sports Capital,Apollo Sports Capital,,0,100.0000,100.000000,2060224441.40,2060224441.40,2061831574.92,-1607133.52
1,apex,"Apollo Sports Capital Holdings (Onshore), L.P.",ASCHON,,0,100.0000,100.000000,291966467.55,291966467.55,266433805.71,25532661.84
2,vehicle,"Apollo Sports Capital (Onshore), L.P.",ASCON,,250527694.491,100.0000,100.000000,281726437.96,281726437.96,256193776.12,25532661.84
3,vehicle,"AP Sports Aggregator E-Velocity, L.P.",APAEV,,25840538.78,12.9203,12.920269,207204995.48,26771443.61,25840538.78,930904.83
4,vehicle,"AP Aggregator Velocity, L.P.",APAV,,200000000,100.0000,12.920269,207204995.48,26771443.61,26781568.31,-10124.70
5,leaf,Fund Cash,CASH,,4515067.49,100.0000,12.920269,4515067.49,583358.88,583358.88,0.00
5,leaf,PICKLEBALL HOLDCO COMMON UNITS,PICKLEBALL HLDC CMN UNITS,"Pickleball Holdco, LLC",5489539,100.0000,12.920269,24999997.39,3230067.01,3230067.01,0.00
5,leaf,PICKLEBALL HOLDCO STEP PRF A1 PERP PIK,PICKLEBALL HLDCO PRF A1,"Pickleball Holdco, LLC",11759768.5221,100.0000,12.920269,152160416.71,19659535.74,19659535.74,0.00
5,leaf,PICKLEBALL HLDCO 12.5% PRF CL B1 PRP PIK,PICKLEBALL HOLDCO PRF B1,"Pickleball Holdco, LLC",1973056.6503,100.0000,12.920269,25529513.89,3298481.97,3298481.97,0.00
3,vehicle,"ASC Holdings, SCSp",ASCHLUSD,,83694447.234,12.9203,12.920269,644268069.54,83241170.19,83675468.51,-434298.32
4,vehicle,"AP Crimson Holdings, SCSp",CRIMAP,,516810280.38,49.4898,6.394215,1190008859.58,76091730.47,76250103.09,-158372.63
5,vehicle,"Crimson Topco, Ltd.",CRIMT,,1043663292.63,100.0000,6.394215,1189328111.60,76048201.97,76205399.44,-157197.47
6,vehicle,"Crimson Holdco, Ltd.",CRIMH,,1043592969.92,100.0000,6.394215,1189262732.70,76044021.50,76201218.10,-157196.59
7,leaf,ATLETICO HOLDCO ORD SHARES,ATLETICO HOLDCO ORD SH,"Atletico Holdco, S.L.",3010982,100.0000,6.394215,1186902454.47,75893100.23,75893100.23,0.00
7,leaf,Fund Cash,CASH,,2066431.65,100.0000,6.394215,2360278.23,150921.28,150921.28,0.00
6,leaf,Fund Cash,CASH,,57239.45,100.0000,6.394215,65378.90,4180.47,4180.47,0.00
5,leaf,Fund Cash,CASH,,595997.18,100.0000,6.394215,680747.98,43528.49,43528.49,0.00
4,leaf,Fund Cash,CASH,,43806351.44,100.0000,12.920269,49997708.42,6459838.62,6459838.62,0.00
4,leaf,EUR/USD FWD 03/24/27,EUR/USD FWD 03/24/27,Euro Currency,-276000000,100.0000,12.920269,4853242.00,627051.94,627051.94,0.00
4,leaf,EUR/USD FWD 03/28/29,EUR/USD FWD 03/28/29,Euro Currency,-291970000,100.0000,12.920269,465984.12,60206.40,60206.40,0.00
4,leaf,EUR/USD FWD 09/16/26,EUR/USD FWD 09/16/26,Euro Currency,-16970000,100.0000,12.920269,18132.44,2342.76,2342.76,0.00
3,vehicle,"AP Deuce Intermediate Holdings I (DC), L.P.",DEUCE1DC,,19538031.376,12.9203,12.920269,151938179.59,19630822.11,19538031.38,92790.73
4,vehicle,"AP Deuce Holdings, L.P.",DEUCE,,151220000,50.4067,6.512677,301424771.04,19630822.11,19630822.12,-0.00
5,leaf,AE EVENTSCO HLGS CLASS A-1 UNITS,AE EVENTSCO CL A-1,AE EVENTSCO HOLDINGS LLC,14163.5,100.0000,6.512677,139453821.00,9082177.10,9082177.10,0.00
5,leaf,AE EVENTSCO HLGS CLASS A-2 UNITS,AE EVENTSCO CL A-2,AE EVENTSCO HOLDINGS LLC,14878,100.0000,6.512677,146488788.00,9540341.79,9540341.79,0.00
5,leaf,AE EVENTSCO HLGS CLASS A-3 UNITS,AE EVENTSCO CL A-3,AE EVENTSCO HOLDINGS LLC,958.5,100.0000,6.512677,9437391.00,614626.80,614626.80,0.00
5,leaf,AE EVENTSCO HLGS CLASS B UNITS,AE EVENTSCO CL B,AE EVENTSCO HOLDINGS LLC,9750,100.0000,6.512677,4621228.29,300965.68,300965.68,0.00
5,leaf,AE EVENTSCO HLGS CLASS B UNITS 2,AE EVENTSCO CL B 2,AE EVENTSCO HOLDINGS LLC,9750,100.0000,6.512677,0.00,0.00,0.00,0.00
5,leaf,Fund Cash,CASH,,1423542.75,100.0000,6.512677,1423542.75,92710.74,92710.74,0.00
3,vehicle,"AP Deuce Intermediate Holdings II (FC), L.P.",DEUCE2FC,,32985917.3,12.9203,12.920269,263720457.69,34073393.59,33854419.27,218974.32
4,vehicle,"AP CA XXII, LLC",APCAXXII,,102807692.31,100.0000,12.920269,108555382.92,14025647.92,14028515.31,-2867.40
5,leaf,Fund Cash,CASH,,6261729.07,100.0000,12.920269,6261729.07,809032.26,809032.26,0.00
5,leaf,MARI EVENTS TL SOFR+400 10/1/32 AMD1,MARI EVENTS TL AMD1,Mari Events Midco LLC,103326923.0808,100.0000,12.920269,102293653.85,13216615.65,13216615.65,0.00
4,vehicle,"AP Deuce Holdings, L.P.",DEUCE,,148780000,49.5933,6.407592,301424771.04,19314070.33,19314070.33,-0.01
5,leaf,AE EVENTSCO HLGS CLASS A-1 UNITS,AE EVENTSCO CL A-1,AE EVENTSCO HOLDINGS LLC,14163.5,100.0000,6.407592,139453821.00,8935632.25,8935632.25,0.00
5,leaf,AE EVENTSCO HLGS CLASS A-2 UNITS,AE EVENTSCO CL A-2,AE EVENTSCO HOLDINGS LLC,14878,100.0000,6.407592,146488788.00,9386404.25,9386404.25,0.00
5,leaf,AE EVENTSCO HLGS CLASS A-3 UNITS,AE EVENTSCO CL A-3,AE EVENTSCO HOLDINGS LLC,958.5,100.0000,6.407592,9437391.00,604709.54,604709.54,0.00
5,leaf,AE EVENTSCO HLGS CLASS B UNITS,AE EVENTSCO CL B,AE EVENTSCO HOLDINGS LLC,9750,100.0000,6.407592,4621228.29,296109.47,296109.47,0.00
5,leaf,AE EVENTSCO HLGS CLASS B UNITS 2,AE EVENTSCO CL B 2,AE EVENTSCO HOLDINGS LLC,9750,100.0000,6.407592,0.00,0.00,0.00,0.00
5,leaf,Fund Cash,CASH,,1423542.75,100.0000,6.407592,1423542.75,91214.82,91214.82,0.00
4,leaf,Fund Cash,CASH,,5678483.32,100.0000,12.920269,5678483.32,733675.34,733675.34,0.00
3,vehicle,"AP Sports Aggregator A, L.P.",SPORTA,,43266716.477,12.9203,12.920269,338775700.42,43770733.12,43266716.48,504016.64
4,vehicle,AP Sports Debt Holdings (EUR) S.a r.l.,SPORTEUR,,151533863.17,100.0000,12.920269,152479743.05,19700793.57,19578583.34,122210.23
5,leaf,Fund Cash,CASH,,63790788.84,100.0000,12.920269,84583069.07,10928360.38,10928360.38,0.00
5,leaf,NOTTINGHAM FOREST TL 8.75% 12/27/27,NOTTINGHAM FOREST TL,Nottingham Forest Football Club Limited,51562500,100.0000,12.920269,67896673.98,8772433.18,8772433.18,0.00
4,leaf,Fund Cash,CASH,,63358857.22,100.0000,12.920269,63358857.22,8186135.03,8186135.03,0.00
4,leaf,ELECTRONIC ARTS TL B SOFR+350 03/24/33,EA TLB,OAK-Eagle Acquireco Inc( aka Electronic Arts Inc.),17000000,100.0000,12.920269,17061030.00,2204331.04,2204331.04,0.00
4,leaf,GBP/USD FWD 09/16/26,GBP/USD FWD 09/16/26,Great Britain Pound,-122291000,100.0000,12.920269,242012.21,31268.63,31268.63,0.00
4,leaf,INVITED INC DD SOFR+525 06/09/32,INVITED DD,"Invited, Inc.",7246376.83,100.0000,12.920269,-72463.77,-9362.51,-9362.51,0.00
4,leaf,INVITED INC RC SOFR+525 06/09/32,INVITED RC,"Invited, Inc.",10869565.23,100.0000,12.920269,-108695.65,-14043.77,-14043.77,0.00
4,leaf,INVITED INC TLB SOFR+525 06/09/32,INVITED TLB,"Invited, Inc.",106884057.94,100.0000,12.920269,105815217.36,13671611.14,13671611.14,0.00
3,vehicle,"AP Sports Aggregator B, L.P.",SPORTB,,16616995.45,12.9203,12.920269,132315330.11,17095497.10,16616995.45,478501.65
4,leaf,Fund Cash,CASH,,2173929.53,100.0000,12.920269,2173929.53,280877.55,280877.55,0.00
4,leaf,MARI EVENTS DD SOFR+400 10/01/2032,MARI EVENTS DD,Mari Events Midco LLC,19158653.8477,100.0000,12.920269,14159374.99,1829429.39,1829429.39,0.00
4,leaf,MARI EVENTS TL SOFR+400 10/01/2032,MARI EVENTS TL,Mari Events Midco LLC,76538461.5377,100.0000,12.920269,75773076.92,9790085.66,9790085.66,0.00
4,leaf,MARI MIAMI TL SOFR+500 10/01/2032,MARI MIAMI TL,Mari Miami II LLC,40512794.6292,100.0000,12.920269,40208948.67,5195104.49,5195104.49,0.00
3,vehicle,"AP Sports Aggregator C, L.P.",SPORTC,,12920269.3909,12.9203,12.920269,100000000.27,12920269.43,12920269.39,0.04
4,leaf,Fund Cash,CASH,,85.27,100.0000,12.920269,85.27,11.02,11.02,0.00
4,leaf,COLLECTORS HOLDINGS LP CLASS A INTERESTS,COLLECTORS HLDGS CL A INT,Collectors Holdings LP,294985,100.0000,12.920269,99999915.00,12920258.41,12920258.41,0.00
3,vehicle,"AP Sports Aggregator D, L.P.",SPORTD,,17453764.4244,12.9203,12.920269,140389075.63,18138646.76,17870675.04,267971.72
4,vehicle,"AP Railroad Holdings II, L.P.",APRAIL2,,135088250,100.0000,12.920269,140389075.63,18138646.76,18179028.27,-40381.50
5,leaf,Fund Cash,CASH,,231779.899999999,100.0000,12.920269,231779.90,29946.59,29946.59,0.00
5,leaf,PROJECT RAILROAD HOLDINGS COMMON UNITS,PROJ RAILROAD CMN UNITS,"Wrexham Holdings, LLC",93827.09,100.0000,12.920269,18999985.73,2454849.34,2454849.34,0.00
5,leaf,WREXHAM HOLDGS LLC A1 PREF UNITS PIK,WREXHAM A1 PREF UNITS,"Wrexham Holdings, LLC",61694.233,100.0000,12.920269,61694233.00,7971061.10,7971061.10,0.00
5,leaf,WREXHAM HOLDGS LLC A2 PREF UNITS PIK,WREXHAM A2 PREF UNITS,"Wrexham Holdings, LLC",21380.23,100.0000,12.920269,21380230.00,2762383.31,2762383.31,0.00
5,leaf,WREXHAM HOLDGS LLC A3 PREF UNITS PIK,WREXHAM A3 PREF UNITS,"Wrexham Holdings, LLC",38082.847,100.0000,12.920269,38082847.00,4920406.42,4920406.42,0.00
4,leaf,Fund Cash,CASH,,0,100.0000,12.920269,0.00,0.00,0.00,0.00
3,vehicle,SPORTOP,SPORTOP,,533429.1543,12.9203,12.920269,0.00,0.00,411315.09,-411315.09
3,leaf,Fund Cash,CASH,,26084462.06,100.0000,100.000000,26084462.06,26084462.06,26084462.06,0.00
2,leaf,Fund Cash,CASH,,10240029.59,100.0000,100.000000,10240029.59,10240029.59,10240029.59,0.00
1,apex,"AP Dunk SPV, LLC",DUNK,,0,100.0000,100.000000,2785.79,2785.79,2785.79,0.00
2,leaf,Fund Cash,CASH,,2785.79,100.0000,100.000000,2785.79,2785.79,2785.79,0.00
1,apex,"Apollo Sports Capital Holdings (Overseas), L.P.",SPORTHLD,,0,100.0000,100.000000,1768255188.06,1768255188.06,1795394983.42,-27139795.36
2,vehicle,"Apollo Sports Capital (Overseas), L.P.",SPORT,,1689417411.5185,100.0000,100.000000,1697506594.81,1697506594.81,1724646390.17,-27139795.36
3,vehicle,"AP Sports Intermediate Holdings Velocity (DC), L.P.",APIVDC,,174159461.22,100.0000,100.000000,180433551.87,180433551.87,174159461.22,6274090.65
4,vehicle,"AP Sports Aggregator E-Velocity, L.P.",APAEV,,174159461.22,87.0797,87.079731,207204995.48,180433551.87,174159461.22,6274090.65
5,vehicle,"AP Aggregator Velocity, L.P.",APAV,,200000000,100.0000,87.079731,207204995.48,180433551.87,180501790.09,-68238.22
6,leaf,Fund Cash,CASH,,4515067.49,100.0000,87.079731,4515067.49,3931708.61,3931708.61,0.00
6,leaf,PICKLEBALL HOLDCO COMMON UNITS,PICKLEBALL HLDC CMN UNITS,"Pickleball Holdco, LLC",5489539,100.0000,87.079731,24999997.39,21769930.38,21769930.38,0.00
6,leaf,PICKLEBALL HOLDCO STEP PRF A1 PERP PIK,PICKLEBALL HLDCO PRF A1,"Pickleball Holdco, LLC",11759768.5221,100.0000,87.079731,152160416.71,132500880.97,132500880.97,0.00
6,leaf,PICKLEBALL HLDCO 12.5% PRF CL B1 PRP PIK,PICKLEBALL HOLDCO PRF B1,"Pickleball Holdco, LLC",1973056.6503,100.0000,87.079731,25529513.89,22231031.92,22231031.92,0.00
4,leaf,Fund Cash,CASH,,0,100.0000,100.000000,0.00,0.00,0.00,0.00
3,vehicle,"ASC Holdings, SCSp",ASCHLUSD,,564081885.436,87.0797,87.079731,644268069.54,561026899.35,563953973.10,-2927073.75
4,vehicle,"AP Crimson Holdings, SCSp",CRIMAP,,516810280.38,49.4898,43.095584,1190008859.58,512841272.10,513908668.25,-1067396.15
5,vehicle,"Crimson Topco, Ltd.",CRIMT,,1043663292.63,100.0000,43.095584,1189328111.60,512547899.78,513607375.60,-1059475.82
6,vehicle,"Crimson Holdco, Ltd.",CRIMH,,1043592969.92,100.0000,43.095584,1189262732.70,512519724.36,513579194.30,-1059469.95
7,leaf,ATLETICO HOLDCO ORD SHARES,ATLETICO HOLDCO ORD SH,"Atletico Holdco, S.L.",3010982,100.0000,43.095584,1186902454.47,511502548.66,511502548.66,0.00
7,leaf,Fund Cash,CASH,,2066431.65,100.0000,43.095584,2360278.23,1017175.70,1017175.70,0.00
6,leaf,Fund Cash,CASH,,57239.45,100.0000,43.095584,65378.90,28175.42,28175.42,0.00
5,leaf,Fund Cash,CASH,,595997.18,100.0000,43.095584,680747.98,293372.32,293372.32,0.00
4,leaf,Fund Cash,CASH,,43806351.44,100.0000,87.079731,49997708.42,43537869.80,43537869.80,0.00
4,leaf,EUR/USD FWD 03/24/27,EUR/USD FWD 03/24/27,Euro Currency,-276000000,100.0000,87.079731,4853242.00,4226190.06,4226190.06,0.00
4,leaf,EUR/USD FWD 03/28/29,EUR/USD FWD 03/28/29,Euro Currency,-291970000,100.0000,87.079731,465984.12,405777.72,405777.72,0.00
4,leaf,EUR/USD FWD 09/16/26,EUR/USD FWD 09/16/26,Euro Currency,-16970000,100.0000,87.079731,18132.44,15789.68,15789.68,0.00
3,vehicle,"AP Deuce Intermediate Holdings I (DC), L.P.",DEUCE1DC,,131681968.62,87.0797,87.079731,151938179.59,132307357.47,131681968.62,625388.85
4,vehicle,"AP Deuce Holdings, L.P.",DEUCE,,151220000,50.4067,43.893990,301424771.04,132307357.47,132307357.49,-0.02
5,leaf,AE EVENTSCO HLGS CLASS A-1 UNITS,AE EVENTSCO CL A-1,AE EVENTSCO HOLDINGS LLC,14163.5,100.0000,43.893990,139453821.00,61211845.60,61211845.60,0.00
5,leaf,AE EVENTSCO HLGS CLASS A-2 UNITS,AE EVENTSCO CL A-2,AE EVENTSCO HOLDINGS LLC,14878,100.0000,43.893990,146488788.00,64299773.28,64299773.28,0.00
5,leaf,AE EVENTSCO HLGS CLASS A-3 UNITS,AE EVENTSCO CL A-3,AE EVENTSCO HOLDINGS LLC,958.5,100.0000,43.893990,9437391.00,4142447.42,4142447.42,0.00
5,leaf,AE EVENTSCO HLGS CLASS B UNITS,AE EVENTSCO CL B,AE EVENTSCO HOLDINGS LLC,9750,100.0000,43.893990,4621228.29,2028441.46,2028441.46,0.00
5,leaf,AE EVENTSCO HLGS CLASS B UNITS 2,AE EVENTSCO CL B 2,AE EVENTSCO HOLDINGS LLC,9750,100.0000,43.893990,0.00,0.00,0.00,0.00
5,leaf,Fund Cash,CASH,,1423542.75,100.0000,43.893990,1423542.75,624849.71,624849.71,0.00
3,vehicle,"AP Deuce Intermediate Holdings II (FC), L.P.",DEUCE2FC,,222317716.78,87.0797,87.079731,263720457.69,229647064.11,228171225.99,1475838.12
4,vehicle,"AP CA XXII, LLC",APCAXXII,,102807692.31,100.0000,87.079731,108555382.92,94529735.00,94549060.62,-19325.61
5,leaf,Fund Cash,CASH,,6261729.07,100.0000,87.079731,6261729.07,5452696.81,5452696.81,0.00
5,leaf,MARI EVENTS TL SOFR+400 10/1/32 AMD1,MARI EVENTS TL AMD1,Mari Events Midco LLC,103326923.0808,100.0000,87.079731,102293653.85,89077038.20,89077038.20,0.00
4,vehicle,"AP Deuce Holdings, L.P.",DEUCE,,148780000,49.5933,43.185741,301424771.04,130172521.13,130172521.16,-0.03
5,leaf,AE EVENTSCO HLGS CLASS A-1 UNITS,AE EVENTSCO CL A-1,AE EVENTSCO HOLDINGS LLC,14163.5,100.0000,43.185741,139453821.00,60224166.04,60224166.04,0.00
5,leaf,AE EVENTSCO HLGS CLASS A-2 UNITS,AE EVENTSCO CL A-2,AE EVENTSCO HOLDINGS LLC,14878,100.0000,43.185741,146488788.00,63262268.67,63262268.67,0.00
5,leaf,AE EVENTSCO HLGS CLASS A-3 UNITS,AE EVENTSCO CL A-3,AE EVENTSCO HOLDINGS LLC,958.5,100.0000,43.185741,9437391.00,4075607.24,4075607.24,0.00
5,leaf,AE EVENTSCO HLGS CLASS B UNITS,AE EVENTSCO CL B,AE EVENTSCO HOLDINGS LLC,9750,100.0000,43.185741,4621228.29,1995711.68,1995711.68,0.00
5,leaf,AE EVENTSCO HLGS CLASS B UNITS 2,AE EVENTSCO CL B 2,AE EVENTSCO HOLDINGS LLC,9750,100.0000,43.185741,0.00,0.00,0.00,0.00
5,leaf,Fund Cash,CASH,,1423542.75,100.0000,43.185741,1423542.75,614767.49,614767.49,0.00
4,leaf,Fund Cash,CASH,,5678483.32,100.0000,87.079731,5678483.32,4944807.98,4944807.98,0.00
3,vehicle,"AP Sports Debt Holdings II (DC), L.P.",SPORT2DC,,111994838.76,100.0000,100.000000,115219773.64,115219773.64,111994838.76,3224934.88
4,vehicle,"AP Sports Aggregator B, L.P.",SPORTB,,111994838.76,87.0797,87.079731,132315330.11,115219833.01,111994838.76,3224994.25
5,leaf,Fund Cash,CASH,,2173929.53,100.0000,87.079731,2173929.53,1893051.98,1893051.98,0.00
5,leaf,MARI EVENTS DD SOFR+400 10/01/2032,MARI EVENTS DD,Mari Events Midco LLC,19158653.8477,100.0000,87.079731,14159374.99,12329945.60,12329945.60,0.00
5,leaf,MARI EVENTS TL SOFR+400 10/01/2032,MARI EVENTS TL,Mari Events Midco LLC,76538461.5377,100.0000,87.079731,75773076.92,65982991.26,65982991.26,0.00
5,leaf,MARI MIAMI TL SOFR+500 10/01/2032,MARI MIAMI TL,Mari Miami II LLC,40512794.6292,100.0000,87.079731,40208948.67,35013844.18,35013844.18,0.00
4,leaf,Fund Cash,CASH,,-59.3700000047684,100.0000,100.000000,-59.37,-59.37,-59.37,0.00
3,vehicle,"AP Sports Aggregator C, L.P.",SPORTC,,87079730.6061,87.0797,87.079731,100000000.27,87079730.84,87079730.61,0.23
4,leaf,Fund Cash,CASH,,85.27,100.0000,87.079731,85.27,74.25,74.25,0.00
4,leaf,COLLECTORS HOLDINGS LP CLASS A INTERESTS,COLLECTORS HLDGS CL A INT,Collectors Holdings LP,294985,100.0000,87.079731,99999915.00,87079656.59,87079656.59,0.00
3,vehicle,"AP Sports Debt Holdings (FC), L.P.",SPORTFC,,291608007.673,100.0000,100.000000,295004967.30,295004967.30,291608007.67,3396959.63
4,vehicle,"AP Sports Aggregator A, L.P.",SPORTA,,291608007.6699,87.0797,87.079731,338775700.42,295004967.30,291608007.67,3396959.63
5,vehicle,AP Sports Debt Holdings (EUR) S.a r.l.,SPORTEUR,,151533863.17,100.0000,87.079731,152479743.05,132778949.48,131955279.83,823669.65
6,leaf,Fund Cash,CASH,,63790788.84,100.0000,87.079731,84583069.07,73654708.69,73654708.69,0.00
6,leaf,NOTTINGHAM FOREST TL 8.75% 12/27/27,NOTTINGHAM FOREST TL,Nottingham Forest Football Club Limited,51562500,100.0000,87.079731,67896673.98,59124240.80,59124240.80,0.00
5,leaf,Fund Cash,CASH,,63358857.22,100.0000,87.079731,63358857.22,55172722.19,55172722.19,0.00
5,leaf,ELECTRONIC ARTS TL B SOFR+350 03/24/33,EA TLB,OAK-Eagle Acquireco Inc( aka Electronic Arts Inc.),17000000,100.0000,87.079731,17061030.00,14856698.96,14856698.96,0.00
5,leaf,GBP/USD FWD 09/16/26,GBP/USD FWD 09/16/26,Great Britain Pound,-122291000,100.0000,87.079731,242012.21,210743.58,210743.58,0.00
5,leaf,INVITED INC DD SOFR+525 06/09/32,INVITED DD,"Invited, Inc.",7246376.83,100.0000,87.079731,-72463.77,-63101.26,-63101.26,0.00
5,leaf,INVITED INC RC SOFR+525 06/09/32,INVITED RC,"Invited, Inc.",10869565.23,100.0000,87.079731,-108695.65,-94651.88,-94651.88,0.00
5,leaf,INVITED INC TLB SOFR+525 06/09/32,INVITED TLB,"Invited, Inc.",106884057.94,100.0000,87.079731,105815217.36,92143606.22,92143606.22,0.00
4,leaf,Fund Cash,CASH,,0,100.0000,100.000000,0.00,0.00,0.00,0.00
3,vehicle,"AP Sports Intermediate Holdings (FC), L.P.",SPORTHFC,,117634387.1926,100.0000,100.000000,122705103.14,122705103.14,120447600.62,2257502.52
4,vehicle,"AP Sports Aggregator D, L.P.",SPORTD,,117634474.8418,87.0797,87.079731,140389075.63,122250428.87,120444359.31,1806069.56
5,vehicle,"AP Railroad Holdings II, L.P.",APRAIL2,,135088250,100.0000,87.079731,140389075.63,122250428.87,122522591.19,-272162.33
6,leaf,Fund Cash,CASH,,231779.899999999,100.0000,87.079731,231779.90,201833.31,201833.31,0.00
6,leaf,PROJECT RAILROAD HOLDINGS COMMON UNITS,PROJ RAILROAD CMN UNITS,"Wrexham Holdings, LLC",93827.09,100.0000,87.079731,18999985.73,16545136.39,16545136.39,0.00
6,leaf,WREXHAM HOLDGS LLC A1 PREF UNITS PIK,WREXHAM A1 PREF UNITS,"Wrexham Holdings, LLC",61694.233,100.0000,87.079731,61694233.00,53723171.90,53723171.90,0.00
6,leaf,WREXHAM HOLDGS LLC A2 PREF UNITS PIK,WREXHAM A2 PREF UNITS,"Wrexham Holdings, LLC",21380.23,100.0000,87.079731,21380230.00,18617846.69,18617846.69,0.00
6,leaf,WREXHAM HOLDGS LLC A3 PREF UNITS PIK,WREXHAM A3 PREF UNITS,"Wrexham Holdings, LLC",38082.847,100.0000,87.079731,38082847.00,33162440.58,33162440.58,0.00
5,leaf,Fund Cash,CASH,,0,100.0000,87.079731,0.00,0.00,0.00,0.00
4,leaf,Fund Cash,CASH,,454674.269999996,100.0000,100.000000,454674.27,454674.27,454674.27,0.00
3,vehicle,SPORTOP,SPORTOP,,3595193.3734,87.0797,87.079731,0.00,0.00,2772171.89,-2772171.89
3,leaf,Fund Cash,CASH,,-25917852.92,100.0000,100.000000,-25917852.92,-25917852.92,-25917852.92,0.00
2,leaf,Fund Cash,CASH,,70748593.25,100.0000,100.000000,70748593.25,70748593.25,70748593.25,0.00
